{"cameraMode":{"drawMode":0,"name":"Shaded","section":"Shading Mode"},"sceneLighting":true,"audioPlay":false,"sceneViewState":{"showFog":true,"showMaterialUpdate":false,"showSkybox":true,"showFlares":true,"showImageEffects":true,"showParticleSystems":true},"in2DMode":false,"pivot":{"x":0.5831016898155212,"y":0.39971017837524416,"z":-1.095259666442871},"rotation":{"x":-0.12692281603813172,"y":0.335665225982666,"z":-0.04569587856531143,"w":-0.9322794079780579},"size":0.0013892650604248047,"orthographic":false}